[
    {
        "Tittle" : "Mr",
        "First name": "Person1",
        "Surname":"Else",
        "Email": "Person1@else.com",
        "Room id": "1",
        "Check in date": "2-17-11-21",
        "Check out date": "2017-11-28"

    },
    {
        "Tittle" : "Mr",
        "First name": "Person2",
        "Surname":"Else",
        "Email": "Person2@else.com",
        "Room id": "2",
        "Check in date": "2-17-11-21",
        "Check out date": "2017-11-28"

    },
    {
        "Tittle" : "Mr",
        "First name": "Person3",
        "Surname":"Else",
        "Email": "Person3@else.com",
        "Room id": "3",
        "Check in date": "2-17-11-21",
        "Check out date": "2017-11-28"

    },
    {
        "Tittle" : "Mr",
        "First name": "Person4",
        "Surname":"Else",
        "Email": "Person4@else.com",
        "Room id": "4",
        "Check in date": "2-17-11-21",
        "Check out date": "2017-11-28"

    },
    {
        "Tittle" : "Mr",
        "First name": "Person5",
        "Surname":"Else",
        "Email": "Person5@else.com",
        "Room id": "5",
        "Check in date": "2-17-11-21",
        "Check out date": "2017-11-28"

    }
]   